CustomerID,Age,Gender,Tenure,Usage Frequency,Support Calls,Payment Delay,Subscription Type,Contract Length,Total Spend,Last Interaction,Churn
2,30,Female,39,14,5,18,Standard,Annual,932,17,1
3,65,Female,49,1,10,8,Basic,Monthly,557,6,1
4,55,Female,14,4,6,18,Basic,Quarterly,185,3,1
5,58,Male,38,21,7,7,Standard,Monthly,396,29,1
6,23,Male,32,20,5,8,Basic,Monthly,617,20,1
8,51,Male,33,25,9,26,Premium,Annual,129,8,1
9,58,Female,49,12,3,16,Standard,Quarterly,821,24,1
10,55,Female,37,8,4,15,Premium,Annual,445,30,1
11,39,Male,12,5,7,4,Standard,Quarterly,969,13,1
12,64,Female,3,25,2,11,Standard,Quarterly,415,29,1
13,29,Male,18,9,0,30,Premium,Quarterly,930,18,1
14,52,Female,21,6,3,26,Premium,Monthly,830,19,1
15,22,Male,41,17,10,25,Basic,Quarterly,265,23,1
16,48,Female,35,25,1,13,Basic,Annual,518,17,1
17,24,Male,4,9,4,22,Standard,Quarterly,204,4,1
18,49,Male,56,17,2,30,Standard,Quarterly,975,17,1
19,19,Female,38,23,7,11,Basic,Quarterly,978,3,1
20,47,Male,41,14,1,5,Premium,Annual,151,19,1
21,24,Male,44,13,5,4,Premium,Monthly,669,13,1
22,42,Male,15,16,2,14,Premium,Quarterly,262,16,1
23,57,Female,55,27,3,3,Basic,Annual,212,10,1
24,39,Female,43,2,4,15,Basic,Monthly,577,6,1
25,27,Male,44,28,8,18,Standard,Annual,436,30,1
26,27,Female,52,8,7,3,Standard,Monthly,434,19,1
27,59,Male,26,21,0,10,Premium,Monthly,822,17,1
28,21,Male,2,21,7,22,Basic,Annual,435,21,1
29,60,Female,18,16,8,28,Basic,Quarterly,830,22,1
30,65,Female,29,29,0,5,Premium,Annual,857,18,1
31,35,Female,38,20,6,2,Premium,Annual,574,19,1
32,18,Male,37,15,8,6,Premium,Monthly,800,29,1
33,56,Female,59,5,10,27,Standard,Quarterly,424,2,1
35,35,Male,40,27,8,28,Premium,Monthly,232,17,1
36,29,Male,43,12,2,10,Premium,Annual,289,6,1
37,20,Male,37,24,7,5,Standard,Annual,371,20,1
38,63,Female,51,3,5,12,Standard,Annual,288,15,1
39,22,Female,39,8,2,4,Standard,Annual,939,21,1
40,25,Female,53,2,10,13,Basic,Quarterly,336,13,1
42,28,Male,24,24,8,6,Standard,Monthly,572,28,1
43,51,Male,30,4,10,29,Premium,Monthly,770,23,1
44,32,Male,6,22,3,12,Basic,Monthly,413,20,1
45,38,Female,28,23,6,17,Basic,Quarterly,993,28,1
46,52,Male,17,26,4,6,Basic,Monthly,871,26,1
48,37,Male,30,30,7,13,Basic,Quarterly,929,13,1
49,31,Female,4,29,7,22,Standard,Annual,488,6,1
50,30,Male,24,7,6,13,Standard,Annual,874,3,1
51,23,Female,26,21,7,24,Basic,Quarterly,988,20,1
52,35,Male,37,11,7,13,Standard,Monthly,631,7,1
53,21,Female,56,11,9,9,Basic,Quarterly,626,1,1
54,56,Female,44,11,2,11,Standard,Annual,583,9,1
55,53,Female,18,21,1,23,Basic,Quarterly,717,15,1
56,41,Female,18,27,10,3,Basic,Monthly,111,19,1
57,33,Male,6,12,7,29,Standard,Quarterly,869,10,1
58,18,Male,55,29,9,21,Standard,Quarterly,296,22,1
59,26,Male,60,9,10,1,Standard,Monthly,643,2,1
60,42,Female,7,9,1,11,Basic,Annual,196,18,1
61,36,Male,2,15,3,29,Premium,Monthly,501,4,1
62,22,Female,43,16,8,21,Standard,Monthly,966,30,1
63,47,Male,59,24,6,26,Premium,Annual,288,26,1
64,30,Male,52,23,1,27,Basic,Annual,400,20,1
66,21,Female,51,1,8,6,Premium,Annual,618,13,1
67,27,Female,40,17,3,1,Basic,Annual,999,17,1
68,27,Male,34,13,4,26,Basic,Quarterly,214,6,1
69,32,Male,3,5,1,6,Standard,Annual,282,20,1
70,44,Female,43,1,8,28,Standard,Monthly,548,28,1
71,38,Male,10,9,6,5,Premium,Annual,820,18,1
72,34,Female,5,18,3,29,Premium,Quarterly,575,10,1
73,42,Male,29,23,0,6,Premium,Monthly,736,5,1
74,61,Male,41,4,7,23,Basic,Quarterly,753,23,1
75,22,Male,45,13,5,16,Basic,Quarterly,538,26,1
76,59,Female,53,13,0,4,Standard,Quarterly,688,14,1
77,53,Male,54,18,10,0,Basic,Monthly,679,1,1
78,37,Male,17,23,9,23,Premium,Quarterly,530,19,1
79,65,Female,33,28,9,22,Premium,Monthly,383,17,1
80,61,Female,6,7,4,26,Standard,Annual,369,20,1
81,40,Female,58,8,2,10,Basic,Monthly,760,28,1
82,63,Female,38,19,7,21,Standard,Quarterly,768,7,1
83,19,Male,53,3,6,17,Standard,Monthly,808,19,1
84,45,Female,25,4,8,13,Premium,Quarterly,681,26,1
85,59,Male,17,21,1,24,Standard,Quarterly,858,2,1
86,55,Female,54,2,5,0,Standard,Monthly,159,29,1
87,44,Male,13,12,7,7,Standard,Monthly,624,15,1
88,61,Male,7,12,7,2,Premium,Annual,925,9,1
89,46,Male,41,12,3,25,Premium,Annual,531,11,1
90,22,Male,45,17,3,28,Basic,Quarterly,769,3,1
92,46,Female,47,4,5,10,Standard,Annual,299,5,1
93,64,Male,31,20,9,24,Premium,Quarterly,785,16,1
94,28,Female,22,16,1,7,Standard,Monthly,389,16,1
95,35,Female,19,28,4,28,Basic,Quarterly,507,5,1
96,55,Female,34,6,2,7,Basic,Annual,392,5,1
97,35,Male,3,17,6,23,Basic,Annual,392,7,1
98,45,Female,23,4,5,1,Premium,Quarterly,699,12,1
99,24,Male,1,20,0,17,Basic,Quarterly,268,4,1
100,44,Female,8,11,7,26,Premium,Monthly,139,3,1
102,60,Male,55,7,3,18,Standard,Monthly,871,4,1
103,40,Female,46,24,3,1,Basic,Monthly,404,28,1
104,26,Male,15,11,0,20,Basic,Annual,269,1,1
105,58,Female,28,17,0,24,Premium,Quarterly,820,29,1
106,56,Female,16,11,5,18,Premium,Monthly,590,27,1
107,42,Female,12,6,8,25,Basic,Monthly,566,11,1
108,52,Male,29,2,2,4,Basic,Annual,435,27,1
109,32,Male,13,6,4,11,Basic,Annual,649,8,1
110,38,Female,3,11,5,16,Standard,Quarterly,212,4,1
111,60,Male,50,10,2,4,Standard,Quarterly,552,8,1
112,48,Male,4,7,9,29,Standard,Quarterly,421,4,1
113,52,Female,1,29,2,19,Basic,Annual,202,22,1
114,55,Male,59,15,3,3,Standard,Annual,236,22,1
115,59,Female,37,11,0,11,Standard,Quarterly,545,10,1
116,26,Male,37,30,4,13,Standard,Monthly,414,1,1
117,53,Female,14,2,2,5,Premium,Monthly,336,18,1
118,60,Female,35,26,10,16,Basic,Monthly,882,29,1
119,28,Male,33,14,7,29,Basic,Monthly,856,6,1
120,60,Female,52,6,2,6,Standard,Quarterly,382,7,1
121,30,Female,8,6,10,14,Standard,Monthly,365,9,1
122,27,Male,48,1,4,27,Premium,Annual,330,8,1
123,21,Male,34,10,7,17,Premium,Monthly,867,29,1
124,25,Female,43,19,7,10,Basic,Annual,832,27,1
125,32,Female,18,14,5,15,Basic,Annual,552,27,1
126,46,Female,8,30,0,9,Standard,Monthly,672,10,1
127,44,Female,22,7,7,4,Basic,Annual,866,13,1
128,27,Female,49,19,1,1,Standard,Quarterly,604,21,1
129,60,Female,53,23,1,10,Standard,Quarterly,917,12,1
130,57,Male,58,20,0,6,Standard,Monthly,801,2,1
131,42,Female,37,12,8,21,Premium,Annual,985,23,1
132,31,Female,40,7,5,0,Premium,Annual,295,7,1
133,38,Female,55,25,10,16,Standard,Quarterly,153,12,1
134,27,Male,28,27,8,28,Standard,Annual,326,12,1
135,18,Female,46,30,0,5,Basic,Quarterly,269,10,1
136,40,Female,31,30,9,18,Basic,Annual,537,27,1
137,58,Male,32,6,4,5,Premium,Annual,684,28,1
138,24,Male,44,11,10,0,Basic,Quarterly,341,10,1
139,60,Male,11,14,8,27,Standard,Monthly,344,15,1
140,39,Female,8,19,10,1,Standard,Quarterly,890,20,1
141,51,Male,2,6,1,23,Standard,Quarterly,959,23,1
142,49,Male,18,18,8,20,Basic,Quarterly,517,1,1
143,52,Male,25,26,9,17,Standard,Quarterly,658,1,1
144,36,Female,5,6,0,6,Premium,Quarterly,787,9,0
145,40,Female,46,3,6,28,Standard,Quarterly,833,26,1
146,21,Female,42,24,5,28,Basic,Annual,877,12,1
147,56,Female,7,22,7,15,Basic,Monthly,584,3,1
148,63,Male,35,13,5,9,Premium,Annual,947,10,1
149,53,Female,51,4,9,1,Basic,Quarterly,325,18,1
150,30,Male,55,26,5,9,Standard,Monthly,376,18,1
151,54,Female,54,4,4,15,Standard,Monthly,855,27,1
152,55,Female,10,15,6,22,Standard,Quarterly,860,26,1
153,28,Male,54,26,2,12,Basic,Annual,288,16,1
154,56,Female,22,19,2,26,Basic,Monthly,398,26,1
155,48,Male,49,20,1,7,Standard,Quarterly,953,30,0
156,40,Female,17,2,1,4,Basic,Quarterly,761,30,1
157,63,Female,15,16,4,17,Standard,Quarterly,770,3,1
158,59,Female,16,2,6,5,Standard,Monthly,183,27,1
159,56,Male,14,21,3,25,Basic,Quarterly,374,18,1
160,29,Female,42,13,2,1,Standard,Monthly,285,21,1
161,22,Male,23,29,10,17,Basic,Annual,294,28,1
162,24,Male,14,22,2,17,Basic,Quarterly,594,18,0
163,55,Male,33,27,5,6,Standard,Quarterly,505,19,1
164,32,Female,59,9,6,23,Standard,Quarterly,616,1,1
165,61,Male,49,27,0,2,Basic,Monthly,937,25,1
166,63,Male,58,26,7,9,Premium,Quarterly,109,3,1
167,56,Female,18,23,2,15,Basic,Monthly,411,17,1
168,63,Male,13,17,10,6,Standard,Monthly,890,8,1
169,51,Male,49,9,6,16,Premium,Annual,338,18,1
170,64,Male,26,24,10,8,Premium,Quarterly,609,3,1
171,54,Female,27,9,4,4,Premium,Monthly,226,8,1
172,43,Male,49,22,8,29,Basic,Quarterly,261,11,1
173,24,Male,31,24,9,25,Premium,Annual,900,1,1
174,44,Male,40,8,10,4,Basic,Annual,503,25,1
175,22,Male,39,3,4,16,Standard,Annual,443,4,1
176,50,Female,9,30,2,8,Premium,Quarterly,537,25,1
177,43,Male,59,8,9,27,Premium,Monthly,535,22,1
178,46,Male,55,7,3,7,Standard,Monthly,971,21,1
179,40,Female,51,30,8,19,Premium,Quarterly,351,12,1
180,34,Female,19,17,1,5,Premium,Quarterly,201,1,1
181,64,Male,17,7,10,3,Basic,Monthly,966,15,1
182,23,Male,49,23,1,20,Standard,Monthly,875,29,1
183,18,Male,3,2,4,25,Standard,Annual,228,5,1
184,47,Female,14,21,8,15,Premium,Monthly,165,15,1
185,48,Male,3,30,1,10,Premium,Annual,850,29,0
186,18,Female,27,23,1,11,Premium,Annual,729,19,1
187,55,Female,12,13,1,7,Standard,Annual,167,11,1
188,56,Male,39,20,1,29,Basic,Quarterly,693,9,1
189,21,Female,11,14,8,19,Standard,Annual,854,6,1
190,47,Male,2,4,8,11,Standard,Quarterly,426,1,1
191,40,Female,16,19,7,17,Basic,Quarterly,868,10,1
192,48,Female,2,30,1,19,Premium,Monthly,408,8,1
193,37,Male,41,19,10,7,Premium,Monthly,152,15,1
194,63,Male,48,10,3,9,Basic,Monthly,448,18,1
195,51,Female,37,4,5,24,Premium,Monthly,326,4,1
196,32,Female,35,9,1,15,Premium,Quarterly,951,4,0
197,51,Female,5,17,9,14,Standard,Monthly,195,16,1
198,54,Male,38,7,7,14,Basic,Quarterly,715,8,1
199,18,Female,55,30,0,2,Basic,Quarterly,101,28,1
200,46,Male,38,16,8,17,Basic,Quarterly,495,24,1
201,39,Female,7,21,4,27,Basic,Monthly,536,11,1
202,59,Female,24,24,2,3,Basic,Annual,516,25,1
203,42,Female,12,19,6,7,Premium,Quarterly,969,21,1
204,56,Male,15,18,3,11,Premium,Annual,471,12,1
205,50,Male,38,7,4,11,Premium,Monthly,902,12,1
206,62,Male,6,27,8,3,Standard,Annual,499,28,1
207,49,Male,44,6,8,26,Basic,Quarterly,378,4,1
208,57,Female,46,19,3,5,Premium,Monthly,553,30,1
209,63,Male,39,20,3,8,Premium,Annual,165,27,1
210,42,Female,58,1,3,10,Standard,Quarterly,733,2,0
211,32,Female,2,10,3,16,Basic,Quarterly,103,3,1
212,42,Male,45,28,4,30,Premium,Monthly,335,6,1
213,52,Female,56,14,10,29,Standard,Quarterly,719,4,1
214,37,Male,45,9,7,29,Standard,Quarterly,460,11,1
215,37,Female,55,10,9,15,Basic,Quarterly,272,16,1
216,51,Female,9,16,6,19,Standard,Monthly,995,30,1
217,50,Female,55,27,8,10,Premium,Quarterly,777,14,1
218,61,Female,10,20,8,27,Basic,Quarterly,836,18,1
219,65,Male,44,4,10,28,Standard,Quarterly,890,15,1
220,35,Male,21,26,7,13,Basic,Monthly,570,17,1
221,33,Female,43,12,10,13,Standard,Annual,204,9,1
222,27,Female,40,6,6,2,Basic,Annual,595,10,1
223,38,Female,47,11,3,5,Basic,Monthly,788,4,1
224,65,Male,33,13,2,23,Standard,Annual,142,27,1
225,47,Female,37,1,5,8,Premium,Quarterly,798,19,1
226,20,Male,7,7,2,16,Basic,Quarterly,867,24,0
227,60,Male,14,13,1,21,Standard,Quarterly,904,6,1
228,44,Male,2,27,7,12,Premium,Quarterly,936,3,1
229,25,Male,19,6,9,1,Standard,Quarterly,759,4,1
230,46,Female,43,7,10,27,Basic,Annual,134,1,1
231,31,Male,46,13,3,20,Basic,Annual,211,7,1
232,34,Female,21,13,1,27,Premium,Quarterly,910,21,1
233,60,Female,44,25,7,23,Basic,Quarterly,944,30,1
234,33,Female,40,26,3,22,Standard,Annual,293,30,1
235,54,Female,19,26,2,3,Premium,Quarterly,656,20,1
236,33,Female,1,1,7,18,Basic,Monthly,411,16,1
237,45,Female,53,6,2,13,Basic,Quarterly,841,21,1
238,44,Female,18,14,4,2,Basic,Quarterly,249,9,1
239,43,Male,29,16,6,20,Basic,Quarterly,493,23,1
240,44,Female,34,26,4,12,Premium,Annual,353,16,1
241,22,Male,24,12,0,30,Standard,Annual,857,7,1
242,46,Female,19,7,5,4,Basic,Monthly,771,21,1
243,34,Female,20,29,0,4,Basic,Annual,580,4,0
244,41,Male,56,2,4,24,Premium,Quarterly,353,16,1
245,54,Female,33,19,1,19,Basic,Quarterly,802,6,1
246,44,Female,50,19,5,28,Standard,Monthly,618,24,1
247,21,Male,58,4,10,16,Basic,Monthly,985,10,1
248,55,Male,17,5,3,19,Premium,Monthly,957,8,1
249,50,Male,37,18,0,23,Basic,Annual,148,25,1
250,29,Female,56,12,9,25,Premium,Monthly,144,19,1
251,22,Female,18,25,6,28,Premium,Monthly,494,27,1
252,49,Male,18,20,0,4,Premium,Quarterly,642,5,0
253,51,Female,51,16,5,11,Standard,Annual,213,27,1
254,21,Male,46,13,0,23,Basic,Monthly,823,18,1
255,20,Male,30,15,8,6,Standard,Monthly,582,29,1
256,58,Female,51,23,0,2,Standard,Monthly,782,21,1
257,53,Female,1,4,7,24,Premium,Annual,598,4,1
258,21,Male,17,29,7,28,Standard,Monthly,990,28,1
259,62,Female,25,20,10,23,Basic,Annual,784,23,1
260,44,Male,3,19,0,12,Standard,Annual,268,1,1
261,27,Male,18,16,6,4,Standard,Annual,575,11,1
262,64,Male,60,26,3,9,Basic,Quarterly,783,30,1
263,60,Male,34,13,5,7,Standard,Monthly,504,24,1
264,21,Male,20,1,1,7,Premium,Quarterly,326,8,1
265,53,Female,30,23,3,30,Standard,Monthly,588,22,1
266,36,Female,52,2,3,13,Basic,Quarterly,486,25,1
267,62,Female,22,24,9,23,Premium,Monthly,922,4,1
268,22,Female,35,5,2,11,Basic,Quarterly,892,30,1
269,65,Female,16,7,5,20,Basic,Annual,165,15,1
270,58,Female,29,5,5,26,Standard,Quarterly,262,2,1
271,54,Male,56,7,7,4,Standard,Annual,206,20,1
272,32,Female,9,12,4,30,Premium,Quarterly,936,23,1
273,49,Male,14,16,9,24,Basic,Monthly,285,23,1
274,64,Male,25,20,0,23,Standard,Annual,141,12,1
275,47,Female,56,27,5,5,Standard,Monthly,803,21,1
276,35,Male,57,11,4,21,Standard,Annual,532,12,1
277,63,Male,44,15,0,3,Premium,Quarterly,752,26,1
278,48,Female,36,20,1,11,Standard,Monthly,674,25,1
279,54,Male,3,17,4,27,Standard,Annual,401,21,1
280,18,Male,7,27,8,2,Premium,Monthly,146,29,1
281,46,Male,9,26,0,28,Standard,Quarterly,569,27,1
282,52,Male,33,28,7,11,Basic,Quarterly,726,27,1
283,31,Female,50,10,7,11,Premium,Monthly,404,26,1
284,18,Female,26,7,9,11,Standard,Quarterly,795,26,1
285,46,Female,48,18,1,29,Basic,Monthly,817,5,1
286,28,Male,12,6,8,9,Premium,Quarterly,297,27,1
287,29,Female,38,20,5,26,Standard,Monthly,563,13,1
288,61,Male,27,19,2,11,Standard,Annual,225,8,1
289,35,Female,46,16,1,10,Standard,Monthly,411,12,1
290,19,Female,48,4,10,3,Basic,Monthly,684,3,1
291,42,Female,8,9,6,3,Premium,Annual,704,26,1
292,59,Female,57,2,2,14,Premium,Quarterly,183,10,1
293,20,Female,29,12,9,3,Premium,Monthly,908,28,1
294,62,Female,51,1,1,21,Premium,Annual,417,15,1
295,20,Male,40,1,4,16,Premium,Quarterly,490,18,1
296,60,Male,55,27,1,30,Premium,Annual,730,11,1
297,19,Male,54,10,9,12,Standard,Quarterly,604,8,1
298,52,Female,13,21,2,2,Premium,Annual,379,17,1
299,65,Female,59,1,8,9,Basic,Annual,916,22,1
300,64,Female,53,30,9,28,Basic,Quarterly,361,21,1
301,21,Female,45,27,4,17,Standard,Annual,547,29,1
302,55,Male,30,20,0,2,Standard,Annual,395,25,1
303,63,Female,30,26,0,24,Standard,Monthly,683,3,1
304,63,Male,3,8,1,20,Basic,Quarterly,798,4,1
305,58,Female,36,6,6,18,Standard,Quarterly,519,18,1
306,50,Male,16,18,2,30,Premium,Annual,350,5,1
307,29,Male,8,8,3,14,Premium,Annual,748,21,1
308,34,Female,35,27,6,2,Basic,Annual,261,15,1
309,32,Female,47,1,1,22,Standard,Monthly,938,21,1
310,28,Female,18,6,5,15,Premium,Annual,193,26,1
311,46,Male,44,14,8,23,Standard,Annual,428,23,1
312,57,Male,14,13,8,25,Standard,Annual,314,24,1
313,59,Male,34,19,8,6,Basic,Monthly,309,23,1
314,22,Female,43,14,2,0,Standard,Monthly,629,5,1
315,29,Male,59,5,5,12,Standard,Annual,209,12,1
316,57,Male,29,27,2,1,Premium,Monthly,279,24,1
317,35,Female,3,13,10,19,Basic,Annual,554,15,1
318,64,Female,13,3,5,30,Premium,Annual,967,30,1
319,55,Male,51,28,8,23,Premium,Quarterly,866,1,1
320,60,Female,7,6,9,24,Standard,Annual,758,23,1
321,62,Female,44,17,4,11,Standard,Monthly,258,23,1
322,54,Female,9,11,1,9,Basic,Monthly,479,18,1
323,45,Female,10,23,10,19,Standard,Quarterly,730,28,1
324,41,Male,23,6,3,20,Premium,Monthly,327,23,1
325,28,Male,2,14,4,4,Premium,Annual,384,20,1
326,47,Female,59,12,6,4,Basic,Annual,557,10,1
327,41,Female,33,12,10,16,Standard,Monthly,921,6,1
328,31,Female,43,4,4,2,Standard,Monthly,873,14,1
329,37,Male,13,6,7,11,Basic,Quarterly,206,17,1
330,23,Female,30,12,10,5,Standard,Monthly,941,11,1
331,39,Male,11,9,9,15,Standard,Quarterly,751,13,1
332,42,Male,48,9,0,1,Standard,Monthly,428,24,1
333,56,Male,47,3,6,23,Premium,Quarterly,883,15,1
334,49,Male,22,19,7,4,Basic,Quarterly,205,5,1
335,28,Male,2,6,1,20,Premium,Annual,520,16,0
336,55,Male,14,1,8,1,Premium,Monthly,216,27,1
337,44,Male,42,4,3,3,Basic,Annual,861,24,0
338,21,Female,52,5,7,29,Basic,Monthly,708,16,1
339,45,Female,31,14,3,28,Premium,Annual,806,1,1
340,65,Male,36,5,4,29,Basic,Annual,352,28,1
341,48,Male,37,7,1,24,Premium,Monthly,872,25,1
342,21,Male,31,16,0,12,Premium,Monthly,102,3,1
343,43,Male,40,19,10,27,Basic,Annual,694,7,1
344,60,Female,50,11,1,7,Standard,Annual,937,14,1
345,52,Female,14,18,2,29,Basic,Annual,786,30,1
346,63,Male,8,17,6,20,Premium,Monthly,948,15,1
347,19,Male,10,16,5,8,Standard,Monthly,403,27,1
348,60,Female,31,27,3,11,Basic,Annual,566,16,1
349,26,Female,29,8,2,3,Standard,Quarterly,692,17,1
350,23,Male,43,11,6,19,Basic,Annual,433,4,1
351,51,Female,34,30,8,22,Standard,Monthly,978,11,1
352,29,Female,60,3,7,27,Basic,Monthly,540,17,1
353,39,Male,14,10,1,30,Premium,Quarterly,459,22,1
354,21,Male,5,23,7,23,Premium,Monthly,645,18,1
355,32,Male,45,19,4,23,Standard,Quarterly,783,24,1
356,24,Male,49,3,7,23,Premium,Annual,723,15,1
357,65,Female,52,27,4,30,Basic,Quarterly,923,7,1
358,36,Male,38,2,2,22,Premium,Monthly,871,8,1
359,35,Male,1,21,4,9,Standard,Quarterly,113,18,1
360,18,Male,56,9,5,23,Basic,Monthly,265,24,1
361,31,Female,34,24,7,16,Standard,Annual,886,14,1
362,62,Female,12,7,4,24,Premium,Quarterly,921,14,1
363,43,Female,34,24,1,18,Premium,Quarterly,191,27,1
364,27,Female,11,13,3,13,Standard,Monthly,264,4,1
365,57,Female,34,18,8,8,Basic,Quarterly,609,8,1
366,56,Male,5,12,4,5,Basic,Monthly,249,10,1
367,20,Male,2,6,7,5,Premium,Monthly,786,13,1
368,39,Female,31,24,2,20,Basic,Quarterly,914,24,1
369,46,Female,51,9,8,11,Standard,Quarterly,358,2,1
370,52,Female,27,15,6,15,Standard,Annual,427,15,1
371,22,Female,22,1,8,17,Standard,Annual,606,14,1
372,24,Male,20,8,8,24,Premium,Annual,984,25,1
373,62,Male,55,3,6,16,Premium,Annual,531,28,1
374,39,Female,52,11,0,20,Standard,Monthly,361,13,1
375,32,Male,24,26,6,24,Standard,Monthly,411,17,1
376,49,Female,21,20,9,6,Standard,Quarterly,277,24,1
377,22,Female,3,27,3,5,Premium,Annual,968,14,1
378,38,Male,15,14,2,29,Premium,Monthly,847,30,1
379,41,Female,50,22,6,11,Premium,Monthly,839,26,1
380,45,Female,51,8,6,12,Basic,Quarterly,451,20,1
381,51,Male,4,20,9,0,Standard,Monthly,901,4,1
382,58,Female,21,25,3,0,Basic,Monthly,435,6,1
383,43,Male,18,6,2,2,Standard,Annual,195,10,1
384,23,Female,51,5,9,22,Premium,Annual,311,14,1
385,24,Male,8,23,8,18,Standard,Annual,142,9,1
386,21,Female,2,7,6,22,Basic,Quarterly,125,24,1
387,42,Female,19,22,1,23,Standard,Quarterly,247,4,1
388,39,Female,19,16,6,19,Standard,Quarterly,896,7,1
389,35,Male,58,16,10,29,Basic,Annual,845,5,1
390,23,Male,34,3,4,8,Basic,Quarterly,392,25,1
391,35,Female,40,18,2,14,Premium,Quarterly,363,10,1
392,56,Male,15,11,7,30,Premium,Quarterly,377,14,1
393,20,Female,27,28,9,11,Standard,Annual,964,26,1
394,59,Female,9,3,0,29,Premium,Annual,559,26,1
395,33,Female,34,10,9,2,Premium,Quarterly,691,29,1
396,59,Female,50,21,9,14,Premium,Monthly,142,4,1
397,39,Female,10,28,6,16,Standard,Quarterly,104,8,1
398,62,Female,8,4,8,13,Basic,Monthly,187,19,1
399,39,Female,48,5,6,17,Standard,Quarterly,107,3,1
400,26,Male,33,9,4,28,Premium,Monthly,748,6,1
401,53,Female,13,25,2,20,Basic,Quarterly,341,23,1
402,49,Male,22,26,4,4,Standard,Monthly,952,30,1
403,39,Female,11,6,2,25,Premium,Annual,476,12,1
404,44,Female,47,26,3,28,Basic,Annual,886,27,1
405,33,Male,29,6,6,16,Standard,Monthly,102,29,1
406,61,Male,9,20,6,22,Standard,Annual,809,7,1
407,56,Female,36,16,3,27,Basic,Annual,638,4,1
408,43,Female,27,10,2,14,Basic,Monthly,335,15,1
409,65,Female,3,22,6,27,Premium,Quarterly,966,14,1
410,44,Male,8,11,6,20,Basic,Annual,183,9,1
411,63,Female,7,13,8,20,Premium,Monthly,101,7,1
412,28,Male,40,29,0,29,Standard,Monthly,109,29,1
413,26,Female,11,12,7,13,Basic,Annual,785,1,1
414,23,Male,50,22,8,10,Basic,Monthly,732,1,1
415,57,Male,18,20,7,4,Standard,Monthly,427,24,1
416,51,Female,12,23,1,21,Standard,Monthly,840,22,1
417,18,Male,23,19,9,30,Basic,Annual,437,20,1
418,49,Female,55,30,5,2,Basic,Monthly,487,28,1
419,59,Male,46,24,10,12,Standard,Annual,429,22,1
420,47,Female,11,28,9,21,Premium,Monthly,738,3,1
421,55,Male,49,3,6,13,Premium,Quarterly,831,9,1
422,21,Female,46,15,3,12,Basic,Annual,106,28,1
423,51,Male,1,30,4,13,Basic,Quarterly,192,19,1
424,38,Male,47,27,7,23,Premium,Quarterly,862,30,1
425,56,Male,49,10,8,13,Standard,Monthly,535,12,1
426,27,Male,37,20,10,17,Premium,Monthly,117,14,1
427,61,Male,13,13,4,14,Basic,Annual,324,30,1
428,48,Female,45,21,8,12,Standard,Quarterly,835,24,1
429,43,Female,34,6,1,29,Standard,Monthly,992,19,1
430,44,Male,8,8,5,8,Premium,Monthly,910,1,1
431,41,Male,42,10,9,1,Standard,Annual,324,2,1
432,52,Female,32,25,8,1,Premium,Monthly,214,15,1
433,56,Female,31,23,9,21,Premium,Monthly,777,16,1
434,35,Male,23,23,1,5,Premium,Quarterly,742,24,0
435,21,Female,44,2,6,26,Premium,Quarterly,534,25,1
436,38,Male,41,6,10,26,Basic,Monthly,278,16,1
437,59,Male,50,4,9,22,Premium,Annual,522,13,1
438,57,Male,2,30,7,19,Standard,Quarterly,951,12,1
439,36,Female,26,25,4,8,Basic,Annual,508,23,1
440,18,Female,30,25,7,19,Basic,Monthly,224,17,1
441,63,Female,6,11,1,24,Basic,Annual,583,3,1
442,55,Male,55,4,10,19,Standard,Annual,383,28,1
443,28,Male,49,27,3,18,Premium,Quarterly,414,25,1
444,18,Female,39,24,0,22,Standard,Quarterly,974,17,1
445,40,Female,42,5,1,19,Premium,Annual,696,15,0
446,38,Female,58,3,1,17,Standard,Quarterly,808,23,1
447,64,Male,39,26,9,0,Premium,Annual,406,27,1
448,59,Female,51,13,3,4,Standard,Monthly,661,7,1
449,21,Male,4,27,9,11,Premium,Monthly,616,14,1
450,56,Female,35,26,5,3,Basic,Annual,360,21,1
451,25,Female,42,13,8,13,Premium,Monthly,849,4,1
452,23,Male,12,10,6,20,Standard,Quarterly,614,9,1
453,40,Female,33,2,7,1,Standard,Monthly,854,1,1
454,52,Female,56,26,0,10,Standard,Annual,301,26,1
455,43,Female,42,25,1,25,Basic,Quarterly,381,13,1
456,37,Female,44,11,7,7,Standard,Annual,899,23,1
457,39,Female,53,24,10,1,Standard,Quarterly,714,14,1
458,37,Male,38,11,3,19,Standard,Annual,374,12,1
459,34,Male,3,15,4,12,Premium,Annual,854,26,1
460,54,Female,1,13,0,14,Premium,Annual,361,28,1
461,29,Male,21,19,9,13,Standard,Quarterly,943,7,1
462,26,Male,53,26,9,14,Premium,Annual,475,11,1
463,42,Male,50,15,6,29,Basic,Quarterly,600,4,1
464,44,Male,32,28,5,16,Standard,Annual,107,23,1
465,49,Male,45,13,9,8,Basic,Annual,917,16,1
466,37,Female,40,2,6,30,Standard,Monthly,996,4,1
467,31,Female,59,2,1,6,Basic,Monthly,579,11,1
468,30,Female,49,6,4,16,Premium,Annual,464,19,1
469,28,Female,2,16,4,9,Premium,Monthly,555,8,1
470,37,Male,22,30,10,27,Standard,Quarterly,600,27,1
471,62,Female,37,27,4,23,Basic,Monthly,905,6,1
472,44,Female,5,7,1,30,Basic,Monthly,153,21,1
473,29,Female,32,16,3,19,Basic,Quarterly,725,6,1
474,21,Female,7,14,0,24,Basic,Monthly,138,1,1
475,18,Female,25,9,3,7,Standard,Annual,588,24,1
476,40,Male,13,1,2,16,Standard,Quarterly,659,1,1
477,48,Male,32,17,6,6,Premium,Quarterly,521,29,1
478,41,Male,37,21,2,10,Standard,Monthly,922,23,1
479,20,Female,46,24,9,9,Standard,Monthly,860,16,1
480,30,Male,33,11,2,12,Standard,Quarterly,864,1,0
481,31,Male,58,16,2,26,Basic,Monthly,923,10,1
482,43,Female,12,6,8,24,Basic,Annual,943,24,1
483,49,Male,49,12,8,6,Premium,Quarterly,686,16,1
484,32,Male,18,3,2,13,Basic,Monthly,399,29,1
485,65,Female,17,10,7,10,Standard,Monthly,278,27,1
486,48,Male,59,20,5,6,Premium,Quarterly,297,3,1
487,27,Female,22,16,9,14,Standard,Monthly,196,16,1
488,50,Male,43,3,0,24,Standard,Quarterly,443,7,1
489,29,Male,32,17,0,15,Premium,Annual,290,7,1
490,42,Female,48,7,8,14,Standard,Annual,938,30,1
491,48,Male,48,18,3,9,Premium,Monthly,899,9,1
492,51,Female,7,25,5,28,Basic,Quarterly,398,6,1
493,19,Male,14,9,6,28,Standard,Monthly,426,19,1
494,29,Female,45,15,0,6,Basic,Quarterly,440,18,1
495,57,Female,44,26,2,25,Premium,Quarterly,548,18,1
496,37,Male,54,15,7,12,Basic,Monthly,615,6,1
497,43,Female,2,3,4,11,Basic,Annual,374,5,1
498,30,Male,19,29,5,27,Premium,Monthly,967,16,1
499,59,Male,55,5,7,5,Standard,Quarterly,798,8,1
500,58,Female,26,29,8,25,Standard,Quarterly,586,20,1
501,29,Female,1,16,10,25,Premium,Monthly,464,1,1
502,30,Male,23,6,4,15,Standard,Monthly,170,6,1
503,49,Female,60,24,6,3,Standard,Quarterly,997,22,1
504,59,Female,38,9,7,27,Basic,Annual,359,20,1
505,28,Male,14,11,6,0,Basic,Quarterly,592,3,1
506,44,Female,31,25,1,0,Standard,Annual,573,25,1
507,29,Female,54,20,4,12,Premium,Quarterly,823,18,1
508,24,Male,49,11,4,28,Premium,Monthly,745,23,1
509,39,Male,9,17,5,4,Standard,Quarterly,206,16,1
510,33,Male,58,11,5,18,Premium,Annual,215,4,1
511,28,Male,1,8,0,25,Premium,Annual,888,20,1
512,62,Female,36,28,3,14,Standard,Annual,456,8,1
513,53,Male,45,14,1,10,Premium,Quarterly,473,12,1
514,48,Male,38,9,4,6,Basic,Annual,757,8,0
515,36,Male,3,28,10,9,Basic,Annual,140,6,1
516,26,Male,1,6,10,26,Basic,Annual,523,19,1
517,46,Male,39,29,4,10,Standard,Monthly,588,7,1
518,43,Male,16,25,2,17,Basic,Annual,759,8,0
519,21,Female,17,28,8,17,Standard,Annual,445,24,1
520,60,Male,29,17,6,11,Basic,Quarterly,271,29,1
521,28,Male,29,26,10,7,Standard,Quarterly,458,16,1
522,47,Male,6,16,2,2,Premium,Quarterly,928,3,0
523,29,Female,45,18,3,22,Premium,Quarterly,458,8,1
524,46,Female,47,4,3,23,Standard,Annual,905,4,1
525,34,Female,60,14,7,19,Basic,Quarterly,877,11,1
526,18,Female,23,16,9,24,Standard,Monthly,717,12,1
527,46,Female,49,28,1,19,Basic,Monthly,348,3,1
528,20,Female,37,13,3,25,Basic,Monthly,718,14,1
529,52,Male,33,4,0,1,Basic,Monthly,903,27,1
530,59,Female,12,2,2,2,Basic,Annual,224,23,1
531,56,Female,39,10,9,10,Standard,Monthly,737,3,1
532,44,Male,48,29,3,1,Basic,Annual,809,30,0
533,53,Male,25,1,4,12,Basic,Annual,141,29,1
534,28,Female,27,27,5,29,Premium,Monthly,928,22,1
535,56,Female,32,11,6,9,Standard,Monthly,569,28,1
536,29,Female,30,30,3,6,Basic,Annual,327,2,1
537,18,Male,37,26,6,19,Basic,Monthly,517,8,1
538,60,Male,55,6,10,16,Basic,Monthly,789,17,1
539,21,Male,35,3,10,14,Basic,Annual,790,9,1
540,18,Female,51,17,10,15,Premium,Quarterly,812,5,1
541,46,Male,3,1,5,9,Standard,Annual,495,14,1
542,61,Female,21,27,0,8,Standard,Annual,950,25,1
543,38,Female,20,3,2,12,Basic,Monthly,309,5,1
544,28,Male,13,17,0,10,Premium,Annual,919,11,0
545,49,Male,13,20,3,30,Basic,Monthly,610,1,1
546,37,Male,46,21,9,12,Basic,Annual,840,18,1
547,55,Female,51,25,2,26,Standard,Quarterly,620,9,1
548,52,Female,11,30,1,2,Basic,Quarterly,861,20,1
549,57,Female,11,13,1,27,Premium,Quarterly,178,16,1
550,29,Female,20,18,9,23,Standard,Annual,931,15,1
551,43,Male,31,5,1,25,Basic,Annual,539,18,1
552,36,Male,55,24,5,18,Basic,Annual,175,24,1
553,46,Female,23,2,3,7,Premium,Monthly,677,29,1
554,20,Male,60,8,8,14,Basic,Annual,725,14,1
555,19,Male,59,5,3,23,Standard,Annual,136,18,1
556,38,Male,32,8,3,18,Basic,Annual,413,28,1
557,27,Female,12,6,8,17,Basic,Annual,700,3,1
558,38,Female,12,28,2,18,Standard,Monthly,856,28,1
559,62,Male,47,21,2,25,Premium,Monthly,222,30,1
560,38,Male,54,25,1,0,Premium,Monthly,809,24,1
561,28,Male,38,11,9,2,Standard,Monthly,407,22,1
562,29,Female,44,20,1,9,Basic,Monthly,935,24,1
563,23,Male,11,2,7,16,Basic,Monthly,918,20,1
564,44,Male,44,23,3,8,Premium,Quarterly,308,17,1
565,24,Male,28,5,5,2,Premium,Monthly,772,27,1
566,43,Female,54,25,5,7,Premium,Monthly,640,18,1
567,21,Male,55,7,1,18,Standard,Quarterly,629,25,0
568,45,Female,56,20,4,11,Standard,Quarterly,776,26,1
569,48,Male,40,29,6,18,Basic,Quarterly,492,3,1
570,20,Male,42,4,9,13,Premium,Annual,710,25,1
571,58,Male,18,1,3,6,Standard,Annual,358,30,1
572,51,Female,36,18,9,26,Standard,Quarterly,226,10,1
573,51,Female,31,15,6,24,Standard,Monthly,473,23,1
574,36,Female,50,19,7,17,Basic,Monthly,465,5,1
575,59,Male,41,28,1,13,Premium,Annual,342,2,1
576,27,Female,35,19,8,11,Basic,Monthly,607,25,1
577,25,Male,47,25,4,1,Standard,Monthly,462,3,1
578,20,Male,15,23,0,6,Basic,Annual,156,11,1
579,31,Male,15,13,2,7,Premium,Monthly,167,14,1
580,36,Male,13,10,3,16,Basic,Monthly,511,8,1
581,41,Male,60,24,8,22,Standard,Monthly,719,8,1
582,40,Female,54,29,1,3,Standard,Quarterly,334,10,1
583,34,Female,53,21,10,11,Basic,Quarterly,336,15,1
584,30,Male,16,13,3,15,Basic,Quarterly,132,26,1
585,27,Male,44,5,10,29,Standard,Quarterly,443,13,1
586,56,Male,34,5,7,3,Basic,Quarterly,632,29,1
587,51,Female,55,14,10,22,Standard,Quarterly,959,6,1
588,41,Male,4,3,3,23,Standard,Annual,158,10,1
589,62,Male,10,18,6,30,Premium,Quarterly,192,21,1
590,25,Male,55,12,6,26,Premium,Annual,792,19,1
591,25,Female,33,25,6,12,Basic,Annual,571,2,1
592,44,Female,34,13,8,21,Premium,Annual,529,18,1
593,25,Female,56,27,8,27,Basic,Quarterly,640,27,1
594,40,Male,57,1,3,20,Premium,Quarterly,372,21,1
595,59,Female,60,8,0,6,Premium,Monthly,812,18,1
596,28,Male,43,29,10,16,Premium,Quarterly,509,16,1
597,39,Male,24,19,9,2,Basic,Annual,782,14,1
598,25,Female,43,17,10,9,Basic,Quarterly,823,7,1
599,57,Female,41,12,4,7,Basic,Quarterly,360,21,1
600,42,Female,36,30,9,28,Basic,Quarterly,551,27,1
601,18,Female,45,18,4,15,Premium,Monthly,427,9,1
602,62,Male,55,6,1,6,Basic,Annual,788,24,1
603,18,Female,58,2,0,19,Premium,Monthly,787,22,1
604,59,Female,12,25,10,12,Premium,Annual,210,29,1
605,35,Male,3,15,1,18,Standard,Quarterly,257,16,1
606,19,Female,33,29,2,15,Basic,Monthly,416,19,1
607,40,Female,56,7,5,4,Standard,Annual,595,17,1
608,42,Male,55,12,0,7,Premium,Monthly,936,22,1
609,38,Female,50,22,3,9,Basic,Monthly,815,7,1
610,53,Female,37,20,7,3,Premium,Monthly,127,29,1
611,39,Male,38,22,8,2,Premium,Quarterly,845,2,1
612,32,Male,41,16,3,24,Standard,Monthly,480,20,1
613,30,Female,1,26,1,4,Premium,Annual,517,10,0
614,44,Female,53,4,9,9,Standard,Monthly,613,30,1
615,23,Male,9,7,2,0,Basic,Annual,279,17,1
616,49,Male,26,10,2,20,Premium,Annual,891,22,0
617,35,Male,39,7,5,23,Standard,Monthly,229,23,1
618,64,Female,1,22,5,3,Premium,Quarterly,287,12,1
619,23,Female,28,25,1,22,Basic,Monthly,103,29,1
620,62,Male,28,2,8,14,Basic,Annual,970,15,1
621,32,Male,28,17,7,26,Basic,Quarterly,138,5,1
622,60,Male,59,9,8,15,Standard,Annual,555,25,1
623,53,Female,23,1,4,25,Standard,Monthly,619,30,1
624,54,Female,15,27,6,21,Basic,Annual,382,23,1
625,53,Male,28,30,7,11,Premium,Monthly,586,22,1
626,27,Female,42,27,10,20,Premium,Monthly,591,26,1
627,34,Male,13,2,4,1,Premium,Monthly,149,9,1
628,57,Female,30,1,7,30,Basic,Annual,283,9,1
629,23,Male,36,12,0,6,Basic,Quarterly,111,26,1
630,62,Female,58,5,8,7,Standard,Quarterly,523,12,1
631,52,Female,50,15,0,21,Standard,Monthly,232,1,1
632,43,Female,39,3,0,2,Standard,Monthly,133,6,1
633,56,Female,22,6,1,9,Premium,Quarterly,189,30,1
634,34,Female,48,2,9,7,Standard,Annual,106,26,1
635,50,Male,43,25,3,2,Basic,Monthly,942,5,1
636,41,Female,36,17,10,29,Basic,Monthly,966,24,1
637,38,Female,21,22,9,25,Standard,Quarterly,650,4,1
638,18,Female,58,25,1,30,Standard,Annual,375,4,1
639,56,Male,26,15,2,4,Standard,Monthly,185,12,1
640,20,Male,58,9,3,1,Premium,Annual,639,17,1
641,62,Female,16,21,1,16,Basic,Annual,300,21,1
642,57,Female,12,16,8,27,Premium,Monthly,388,16,1
643,64,Male,51,30,3,10,Basic,Quarterly,434,7,1
644,41,Female,30,24,9,26,Standard,Monthly,953,24,1
645,35,Female,31,29,4,1,Basic,Monthly,891,17,1
646,24,Female,41,22,5,4,Premium,Monthly,822,14,1
647,19,Female,1,14,9,6,Premium,Monthly,356,14,1
648,57,Female,44,17,8,15,Premium,Annual,581,13,1
649,52,Male,54,13,2,26,Premium,Annual,225,14,1
650,48,Male,19,9,1,2,Basic,Annual,683,2,1
651,44,Female,22,18,4,30,Premium,Annual,436,5,1
652,51,Female,3,10,4,7,Standard,Annual,548,22,1
653,25,Female,20,7,3,14,Standard,Monthly,438,4,1
654,28,Male,39,20,7,3,Premium,Quarterly,687,16,1
655,43,Male,9,11,1,24,Basic,Monthly,226,9,1
656,43,Male,25,5,2,16,Basic,Monthly,837,4,1
657,51,Female,22,21,6,10,Basic,Quarterly,193,26,1
658,25,Male,43,28,8,6,Standard,Quarterly,561,12,1
659,45,Male,33,6,7,3,Standard,Quarterly,704,10,1
660,25,Female,50,30,5,10,Premium,Monthly,668,2,1
661,46,Male,19,14,3,22,Standard,Monthly,708,9,1
662,62,Female,45,4,4,8,Premium,Quarterly,776,20,1
663,54,Female,9,20,4,4,Basic,Quarterly,177,14,1
664,32,Male,33,10,4,0,Premium,Monthly,569,11,1
665,38,Female,49,26,0,24,Basic,Quarterly,477,9,1
666,23,Male,27,30,5,22,Premium,Quarterly,349,21,1
667,36,Male,45,20,10,22,Basic,Quarterly,924,27,1
668,63,Male,52,22,2,29,Premium,Annual,753,28,1
669,52,Male,15,3,5,9,Premium,Annual,261,1,1
670,18,Male,1,6,8,11,Premium,Annual,651,29,1
671,43,Female,32,8,3,0,Standard,Annual,187,28,1
672,22,Male,1,2,3,12,Premium,Annual,946,14,1
673,30,Female,4,30,4,8,Standard,Annual,665,14,1
674,21,Male,57,6,5,2,Basic,Quarterly,897,21,1
675,55,Male,59,5,7,12,Premium,Quarterly,807,6,1
676,59,Male,30,8,9,27,Premium,Quarterly,732,24,1
677,58,Female,5,8,10,14,Standard,Annual,562,24,1
678,65,Male,44,25,2,21,Premium,Annual,579,16,1
679,47,Male,57,10,3,5,Premium,Monthly,826,16,1
680,64,Female,14,30,8,19,Basic,Annual,332,23,1
681,29,Male,46,4,5,19,Basic,Annual,290,11,1
682,48,Male,40,30,6,0,Basic,Annual,597,15,1
683,23,Female,51,10,6,14,Basic,Annual,369,23,1
684,46,Female,30,9,8,11,Premium,Quarterly,702,22,1
685,58,Male,9,10,9,9,Basic,Annual,627,21,1
686,61,Male,20,14,8,25,Basic,Annual,995,23,1
687,61,Female,35,21,0,26,Premium,Quarterly,283,20,1
688,55,Female,43,4,0,20,Standard,Annual,497,16,1
689,41,Male,11,22,10,18,Basic,Quarterly,673,13,1
690,59,Male,46,18,3,28,Basic,Monthly,842,12,1
691,25,Male,1,6,5,26,Standard,Quarterly,261,16,1
692,53,Female,32,3,4,13,Standard,Monthly,897,7,1
693,50,Female,49,26,1,0,Premium,Monthly,773,15,1
694,64,Male,23,6,0,5,Basic,Quarterly,743,20,1
695,62,Female,42,11,0,23,Basic,Annual,125,27,1
696,54,Male,34,22,10,1,Standard,Quarterly,602,8,1
697,52,Male,14,1,2,9,Basic,Monthly,238,14,1
698,64,Female,23,19,5,19,Standard,Monthly,744,6,1
699,36,Female,16,28,10,10,Standard,Monthly,897,20,1
700,31,Female,22,25,2,10,Basic,Quarterly,396,18,1
701,44,Female,27,10,1,12,Basic,Annual,717,21,1
702,30,Male,30,17,5,7,Standard,Annual,632,3,1
703,63,Female,60,14,3,28,Basic,Monthly,361,20,1
704,53,Female,30,11,1,8,Standard,Annual,623,7,1
705,54,Female,51,29,2,2,Standard,Annual,241,10,1
706,18,Female,29,14,1,29,Basic,Monthly,185,16,1
707,33,Male,30,29,1,11,Basic,Annual,362,23,1
708,58,Male,24,11,7,27,Basic,Quarterly,429,15,1
709,43,Male,2,29,6,15,Standard,Annual,891,10,1
710,26,Female,31,30,5,9,Basic,Quarterly,799,9,1
711,36,Female,19,9,3,27,Standard,Annual,206,20,1
712,53,Female,53,15,9,14,Basic,Annual,239,3,1
713,41,Male,51,16,9,0,Premium,Quarterly,977,21,1
714,63,Male,34,25,2,13,Basic,Quarterly,705,19,1
715,31,Female,33,10,9,25,Premium,Quarterly,318,8,1
716,51,Male,54,18,0,0,Standard,Annual,408,15,1
717,25,Male,56,13,3,21,Basic,Quarterly,837,27,1
718,35,Male,17,14,9,17,Basic,Monthly,845,28,1
719,42,Female,7,30,5,5,Basic,Monthly,425,3,1
720,24,Female,15,23,6,29,Premium,Quarterly,260,6,1
721,48,Female,15,4,2,25,Premium,Monthly,462,8,1
722,24,Female,16,7,8,27,Standard,Annual,115,24,1
723,20,Male,39,12,1,29,Premium,Monthly,908,23,1
724,31,Male,40,23,9,25,Premium,Quarterly,258,23,1
725,22,Female,16,19,4,5,Premium,Annual,491,7,1
726,46,Female,41,25,0,10,Basic,Annual,916,27,1
727,47,Male,46,11,2,23,Standard,Quarterly,492,16,1
728,43,Male,20,2,0,11,Standard,Annual,603,14,1
729,24,Male,23,18,1,3,Basic,Quarterly,795,22,0
730,58,Female,13,22,9,22,Basic,Quarterly,531,5,1
731,34,Male,9,1,6,30,Standard,Monthly,662,19,1
732,35,Female,10,29,9,21,Basic,Monthly,497,5,1
733,59,Male,29,13,0,3,Premium,Quarterly,737,9,1
734,52,Female,56,14,6,21,Standard,Annual,500,10,1
735,34,Female,4,1,5,10,Standard,Monthly,369,22,1
736,57,Female,53,28,5,23,Basic,Annual,373,5,1
737,52,Female,2,16,9,12,Basic,Quarterly,652,9,1
738,59,Male,32,2,7,11,Standard,Quarterly,535,27,1
739,36,Female,34,5,1,11,Premium,Annual,516,21,1
740,43,Male,51,2,10,22,Premium,Quarterly,244,20,1
741,30,Male,7,20,3,22,Standard,Quarterly,696,27,1
742,45,Male,48,19,9,10,Standard,Monthly,801,4,1
743,18,Female,19,14,7,11,Standard,Monthly,863,29,1
744,24,Female,26,12,7,22,Basic,Monthly,776,3,1
745,31,Female,16,15,6,0,Premium,Annual,105,28,1
746,35,Female,39,7,1,15,Standard,Annual,109,18,1
747,40,Female,9,14,4,12,Premium,Quarterly,678,5,0
748,31,Male,41,30,7,10,Basic,Annual,264,29,1
749,26,Male,24,14,7,3,Premium,Quarterly,743,10,1
750,59,Male,8,3,6,23,Standard,Annual,548,9,1
751,65,Female,30,10,7,12,Standard,Annual,734,10,1
752,48,Male,58,15,8,1,Standard,Monthly,876,20,1
753,59,Female,10,9,2,7,Standard,Quarterly,858,1,1
754,33,Male,21,10,3,27,Basic,Monthly,769,22,1
755,47,Female,53,30,0,10,Basic,Annual,213,17,1
756,56,Male,27,28,1,27,Premium,Annual,380,22,1
757,47,Male,53,30,4,28,Premium,Monthly,154,7,1
758,36,Female,25,2,4,29,Basic,Monthly,343,11,1
759,39,Male,2,9,0,13,Premium,Monthly,287,4,1
760,33,Female,10,8,8,15,Standard,Quarterly,275,24,1
761,60,Female,30,8,6,8,Premium,Annual,334,15,1
762,33,Female,58,24,8,3,Standard,Monthly,581,23,1
763,48,Female,47,17,9,0,Standard,Quarterly,430,22,1
764,38,Female,22,3,10,3,Standard,Annual,496,21,1
765,29,Male,24,26,4,4,Premium,Monthly,553,4,1
766,40,Male,38,28,0,6,Basic,Quarterly,678,4,0
767,19,Female,9,23,2,29,Premium,Annual,108,27,1
768,42,Female,54,3,9,22,Basic,Monthly,367,2,1
769,54,Male,16,14,4,24,Standard,Annual,136,27,1
770,22,Male,1,24,1,18,Basic,Annual,638,14,1
771,35,Male,24,19,6,4,Basic,Annual,181,4,1
772,42,Female,7,25,6,19,Premium,Quarterly,346,2,1
773,22,Female,35,6,1,6,Premium,Monthly,743,28,1
774,62,Male,29,27,10,16,Standard,Quarterly,953,20,1
775,19,Female,12,17,6,15,Premium,Monthly,695,10,1
776,63,Female,39,3,4,18,Standard,Monthly,683,1,1
777,56,Male,54,11,10,0,Basic,Quarterly,418,30,1
778,45,Female,35,27,7,25,Basic,Monthly,490,17,1
779,28,Male,20,19,9,4,Standard,Annual,609,18,1
780,43,Male,29,13,0,12,Standard,Quarterly,756,29,0
781,21,Male,40,13,3,1,Standard,Quarterly,640,8,1
782,56,Female,58,24,8,16,Standard,Monthly,675,15,1
783,33,Female,7,21,1,14,Basic,Annual,713,22,1
784,53,Male,52,22,8,12,Premium,Annual,737,17,1
785,57,Male,21,9,4,6,Standard,Annual,956,26,1
786,35,Female,47,4,0,14,Standard,Quarterly,306,11,1
787,30,Female,29,3,4,3,Basic,Monthly,230,24,1
788,39,Male,12,7,3,21,Premium,Monthly,804,3,1
789,27,Female,36,27,4,19,Standard,Annual,910,15,1
790,52,Female,21,27,7,9,Premium,Quarterly,594,17,1
791,52,Male,7,29,9,26,Basic,Annual,209,26,1
792,22,Female,1,30,6,0,Basic,Monthly,639,23,1
793,27,Male,12,8,2,25,Basic,Monthly,138,8,1
794,53,Female,38,11,1,14,Standard,Annual,682,20,1
795,24,Male,51,16,8,22,Basic,Quarterly,946,29,1
796,62,Male,34,26,8,27,Basic,Annual,175,24,1
797,31,Female,42,23,4,17,Basic,Annual,485,29,1
798,52,Male,27,9,5,24,Premium,Monthly,116,9,1
799,55,Male,2,25,6,3,Premium,Monthly,963,17,1
800,23,Male,52,14,5,25,Premium,Annual,105,2,1
801,48,Male,7,28,8,1,Standard,Monthly,537,1,1
802,37,Male,34,24,9,8,Standard,Monthly,242,4,1
803,41,Female,30,29,10,3,Premium,Annual,198,25,1
804,51,Female,4,4,5,9,Standard,Annual,505,29,1
805,29,Female,55,2,8,0,Standard,Annual,633,29,1
806,35,Male,7,10,7,3,Standard,Monthly,307,5,1
807,29,Male,40,22,4,24,Premium,Quarterly,283,5,1
808,45,Male,30,16,1,14,Premium,Monthly,259,6,1
809,38,Male,40,21,0,11,Premium,Quarterly,691,5,0
810,27,Male,4,12,2,26,Basic,Annual,579,12,1
811,44,Female,57,23,1,16,Premium,Monthly,880,25,1
812,53,Female,38,22,2,9,Basic,Monthly,563,6,1
813,26,Male,2,23,4,29,Basic,Monthly,841,6,1
814,43,Male,54,13,9,24,Premium,Quarterly,561,19,1
815,43,Female,12,30,7,11,Standard,Annual,752,1,1
816,27,Female,28,19,4,9,Standard,Monthly,341,10,1
817,28,Male,52,23,6,10,Standard,Quarterly,627,9,1
818,50,Female,17,29,3,24,Premium,Quarterly,338,12,1
819,21,Male,52,9,3,19,Premium,Quarterly,945,23,1
820,34,Female,4,16,4,17,Standard,Quarterly,988,11,1
821,54,Female,30,26,10,11,Standard,Monthly,570,14,1
822,25,Female,45,10,1,28,Basic,Annual,426,3,1
823,29,Male,57,23,10,12,Standard,Quarterly,145,8,1
824,35,Male,32,23,5,19,Premium,Annual,137,28,1
825,22,Male,34,2,3,3,Premium,Annual,924,21,1
826,45,Male,50,10,8,29,Standard,Annual,444,21,1
827,23,Female,58,14,8,21,Standard,Annual,737,16,1
828,63,Male,58,13,5,3,Basic,Monthly,291,18,1
829,63,Female,40,5,10,21,Basic,Quarterly,151,16,1
830,35,Male,2,27,8,29,Premium,Annual,537,4,1
831,29,Female,14,8,5,18,Basic,Monthly,969,27,1
832,19,Male,41,5,6,9,Basic,Annual,737,25,1
833,43,Female,35,22,2,7,Standard,Monthly,188,18,1
834,49,Male,15,4,3,7,Standard,Monthly,189,26,1
835,39,Male,7,20,1,15,Premium,Monthly,873,7,1
836,30,Female,59,29,6,30,Premium,Annual,952,27,1
837,40,Female,38,1,4,5,Premium,Quarterly,669,30,1
838,24,Male,37,10,2,6,Premium,Quarterly,392,28,1
839,64,Male,2,3,4,2,Standard,Quarterly,836,21,1
840,25,Female,18,22,0,22,Basic,Monthly,202,18,1
841,23,Female,34,6,3,23,Basic,Quarterly,487,8,1
842,49,Female,30,27,9,18,Basic,Monthly,466,11,1
843,46,Female,7,13,4,15,Premium,Annual,945,13,0
844,56,Female,18,5,1,23,Standard,Annual,704,20,1
845,38,Male,10,21,6,12,Premium,Monthly,540,12,1
846,53,Female,26,23,8,11,Standard,Annual,485,11,1
847,44,Female,28,15,10,23,Basic,Monthly,486,16,1
848,18,Female,43,3,0,6,Standard,Annual,173,12,1
849,38,Female,60,5,5,28,Basic,Quarterly,424,30,1
850,59,Female,26,1,4,1,Premium,Annual,996,13,1
851,21,Male,24,16,9,5,Basic,Monthly,189,10,1
852,61,Female,35,3,8,10,Basic,Annual,674,7,1
853,56,Female,18,18,1,26,Basic,Annual,957,5,1
854,41,Male,59,3,8,8,Premium,Quarterly,819,13,1
855,37,Male,39,21,5,28,Basic,Monthly,467,16,1
856,48,Female,36,5,4,29,Standard,Quarterly,150,1,1
857,54,Male,60,21,1,20,Standard,Quarterly,455,20,1
858,29,Female,22,8,8,1,Premium,Monthly,925,21,1
859,31,Female,10,5,10,3,Standard,Monthly,355,30,1
860,22,Female,12,2,6,13,Standard,Annual,488,12,1
861,46,Male,54,16,9,15,Standard,Quarterly,592,25,1
862,47,Male,60,2,10,10,Premium,Quarterly,657,22,1
863,27,Female,24,4,4,28,Standard,Monthly,352,4,1
864,40,Female,47,4,1,5,Premium,Annual,603,7,0
865,26,Male,40,4,10,26,Basic,Annual,934,7,1
866,19,Female,22,28,7,10,Basic,Monthly,752,16,1
867,63,Female,37,25,0,10,Standard,Quarterly,399,12,1
868,62,Female,16,20,4,19,Basic,Quarterly,364,26,1
869,18,Male,12,10,0,7,Standard,Quarterly,482,17,1
870,34,Female,28,14,9,28,Basic,Annual,439,14,1
871,27,Male,36,3,8,6,Premium,Monthly,909,22,1
872,35,Female,8,30,3,13,Premium,Quarterly,582,6,0
873,64,Female,38,9,3,4,Basic,Quarterly,588,11,1
874,41,Female,12,8,8,1,Premium,Annual,863,1,1
875,27,Male,1,3,4,27,Standard,Annual,715,23,1
876,27,Female,16,19,10,25,Premium,Monthly,449,1,1
877,31,Female,19,27,9,11,Premium,Quarterly,493,29,1
878,30,Female,19,16,4,21,Premium,Quarterly,396,30,1
879,40,Female,60,20,1,4,Basic,Quarterly,818,12,0
880,46,Male,1,21,6,12,Basic,Monthly,550,28,1
881,20,Female,22,24,2,22,Premium,Annual,136,7,1
882,41,Male,20,1,4,4,Basic,Quarterly,495,2,1
883,19,Female,32,12,2,23,Premium,Monthly,413,9,1
884,49,Male,7,14,7,25,Premium,Annual,268,19,1
885,45,Female,40,20,1,26,Basic,Monthly,148,13,1
886,58,Female,57,16,10,28,Basic,Quarterly,673,15,1
887,57,Male,47,5,5,5,Premium,Monthly,981,26,1
888,20,Male,21,20,4,12,Premium,Quarterly,227,20,1
889,29,Male,46,20,1,20,Basic,Quarterly,569,26,0
890,62,Male,26,5,7,6,Standard,Monthly,554,14,1
891,34,Male,12,26,7,19,Premium,Quarterly,913,24,1
892,64,Female,2,28,7,28,Standard,Quarterly,321,6,1
893,34,Female,28,26,5,3,Basic,Quarterly,754,25,1
894,50,Female,54,27,4,22,Basic,Monthly,705,23,1
895,30,Male,60,17,6,22,Standard,Monthly,282,30,1
896,45,Male,44,20,5,24,Basic,Annual,549,23,1
897,19,Female,58,25,5,24,Standard,Quarterly,512,20,1
898,59,Male,48,12,5,29,Basic,Quarterly,182,21,1
899,18,Female,25,23,3,21,Basic,Monthly,193,9,1
900,41,Male,7,23,3,26,Standard,Monthly,299,16,1
901,38,Female,14,13,0,22,Premium,Annual,898,13,1
902,28,Female,50,3,3,25,Premium,Annual,546,23,1
903,58,Female,41,19,5,15,Standard,Quarterly,372,9,1
904,19,Female,15,22,3,13,Standard,Monthly,319,6,1
905,56,Female,23,26,3,12,Premium,Annual,458,15,1
906,65,Female,38,27,3,18,Premium,Quarterly,999,15,1
907,31,Female,50,30,7,18,Premium,Quarterly,149,27,1
908,61,Male,38,22,7,28,Premium,Annual,596,16,1
909,62,Female,20,13,7,26,Standard,Annual,960,19,1
910,59,Female,39,13,0,26,Standard,Annual,516,18,1
911,49,Female,59,11,6,11,Premium,Quarterly,198,28,1
912,59,Female,54,3,4,10,Basic,Monthly,154,13,1
913,56,Female,39,21,8,18,Standard,Annual,925,23,1
914,59,Female,7,7,6,2,Premium,Quarterly,252,24,1
915,57,Male,25,11,6,29,Standard,Annual,630,18,1
916,46,Female,10,5,2,15,Standard,Monthly,536,14,1
917,56,Male,29,22,1,0,Basic,Quarterly,635,25,1
918,34,Female,17,9,2,29,Premium,Annual,584,15,1
919,57,Male,58,3,0,13,Premium,Quarterly,994,14,1
920,36,Male,13,12,3,3,Basic,Monthly,148,18,1
921,60,Male,15,1,10,19,Premium,Annual,888,1,1
922,45,Female,53,1,0,11,Basic,Annual,890,29,1
923,18,Male,38,17,3,28,Standard,Quarterly,922,27,1
924,29,Male,14,19,8,12,Premium,Annual,882,2,1
925,24,Male,12,30,9,22,Premium,Annual,193,15,1
926,38,Female,11,23,9,22,Basic,Quarterly,788,2,1
927,51,Male,1,18,2,6,Premium,Annual,691,25,1
928,27,Male,25,24,8,26,Premium,Monthly,995,28,1
929,44,Male,45,28,0,5,Basic,Monthly,591,15,1
930,40,Female,13,14,10,22,Basic,Annual,237,30,1
931,52,Male,15,21,7,8,Premium,Monthly,324,16,1
932,20,Female,40,3,1,29,Standard,Quarterly,254,5,1
933,43,Female,45,12,10,20,Basic,Annual,362,13,1
934,65,Female,7,19,10,15,Standard,Quarterly,622,29,1
935,41,Female,24,28,3,22,Basic,Monthly,589,24,1
936,22,Female,59,30,4,28,Basic,Monthly,133,28,1
937,29,Male,9,24,6,16,Basic,Annual,358,14,1
938,55,Female,34,22,2,27,Basic,Quarterly,201,2,1
939,23,Female,56,23,2,4,Premium,Monthly,814,17,1
940,65,Male,43,6,7,11,Basic,Quarterly,134,14,1
941,32,Male,17,25,0,0,Premium,Annual,432,24,1
942,54,Male,2,25,2,7,Basic,Monthly,116,26,1
943,20,Female,28,13,5,9,Standard,Monthly,267,20,1
944,51,Female,21,7,1,4,Premium,Quarterly,218,13,1
945,59,Female,43,30,3,15,Basic,Quarterly,927,7,1
946,41,Male,18,4,4,26,Basic,Monthly,156,11,1
947,22,Male,18,3,1,16,Premium,Annual,560,22,1
948,26,Female,40,4,0,5,Premium,Quarterly,545,24,1
949,21,Male,9,7,6,30,Premium,Monthly,735,4,1
950,39,Male,23,19,6,29,Premium,Annual,394,9,1
951,63,Male,2,3,7,13,Basic,Annual,409,21,1
952,61,Male,4,26,3,24,Standard,Monthly,634,29,1
953,56,Female,12,24,6,23,Standard,Annual,553,13,1
954,24,Male,48,23,3,8,Premium,Monthly,436,14,1
955,20,Male,6,28,10,2,Premium,Quarterly,727,26,1
956,28,Male,54,1,6,10,Standard,Annual,616,6,1
957,32,Male,29,13,1,6,Premium,Quarterly,330,19,1
958,40,Male,57,8,10,20,Premium,Annual,599,20,1
959,20,Male,52,2,8,28,Standard,Quarterly,341,27,1
960,60,Male,6,16,1,30,Premium,Annual,436,26,1
961,22,Female,8,1,1,9,Standard,Quarterly,601,25,1
962,52,Female,47,4,6,11,Premium,Monthly,737,17,1
963,39,Male,41,3,8,14,Premium,Monthly,496,17,1
964,18,Female,57,25,8,1,Standard,Quarterly,538,19,1
965,28,Female,5,30,6,26,Basic,Monthly,841,4,1
966,55,Male,51,30,9,17,Premium,Quarterly,185,27,1
967,20,Male,22,2,6,0,Basic,Quarterly,530,25,1
968,33,Female,1,23,9,12,Premium,Annual,840,18,1
969,33,Female,50,9,1,20,Basic,Monthly,346,10,1
970,21,Male,43,7,1,5,Premium,Monthly,509,7,1
971,50,Female,52,21,3,21,Basic,Monthly,160,19,1
972,29,Female,26,26,7,25,Premium,Monthly,322,30,1
973,40,Male,42,18,10,23,Standard,Quarterly,265,23,1
974,60,Male,8,23,1,10,Standard,Monthly,724,7,1
975,38,Male,43,12,4,20,Basic,Annual,765,2,1
976,42,Male,16,10,9,28,Basic,Quarterly,227,8,1
977,33,Female,26,15,1,20,Premium,Monthly,169,6,1
978,41,Male,34,9,0,2,Basic,Monthly,386,22,1
979,49,Female,48,11,6,5,Basic,Monthly,285,10,1
980,53,Male,6,16,7,9,Basic,Annual,853,18,1
981,46,Female,7,13,7,21,Premium,Annual,203,26,1
982,42,Male,6,2,0,5,Standard,Annual,952,14,0
983,58,Female,6,23,0,10,Standard,Annual,422,27,1
984,23,Female,56,2,9,20,Basic,Quarterly,336,9,1
985,43,Male,29,11,0,1,Standard,Quarterly,821,20,0
986,65,Female,26,4,3,23,Basic,Monthly,858,4,1
987,59,Female,20,16,10,28,Basic,Monthly,949,3,1
988,41,Male,59,13,0,23,Basic,Annual,431,9,1
989,21,Male,20,5,0,2,Premium,Quarterly,510,26,1
990,46,Male,3,15,5,17,Standard,Quarterly,239,3,1
991,57,Female,26,27,1,4,Basic,Annual,561,28,1
992,19,Female,35,27,0,20,Standard,Quarterly,375,27,1
993,34,Male,54,13,9,29,Premium,Quarterly,783,4,1
994,19,Male,29,23,2,30,Standard,Quarterly,754,3,1
995,34,Female,5,1,7,3,Basic,Annual,836,19,1
996,32,Male,27,18,4,0,Basic,Monthly,488,14,1
997,63,Male,2,29,7,23,Premium,Quarterly,653,8,1
998,41,Female,57,20,7,28,Basic,Monthly,339,3,1
999,30,Male,40,16,10,5,Basic,Annual,264,2,1
1000,38,Male,54,22,6,15,Basic,Monthly,445,17,1
